{"mean":{"confidence_interval":{"confidence_level":0.95,"lower_bound":-0.6838225570543534,"upper_bound":-0.5552266376217065},"point_estimate":-0.6254214594742433,"standard_error":0.03298040124968176},"median":{"confidence_interval":{"confidence_level":0.95,"lower_bound":-0.5851585991249253,"upper_bound":-0.5038205022328166},"point_estimate":-0.5572271211306691,"standard_error":0.021918241296531943}}