{"mean":{"confidence_interval":{"confidence_level":0.95,"lower_bound":-0.4155372405394061,"upper_bound":-0.20847583272593034},"point_estimate":-0.30857342666187093,"standard_error":0.053427064969856455},"median":{"confidence_interval":{"confidence_level":0.95,"lower_bound":-0.3866671380711799,"upper_bound":-0.28251867458591723},"point_estimate":-0.3295270940050541,"standard_error":0.027365636100303112}}